INSERT INTO Employee (EmployeeId, Name, Surname, Password, Email, Salary, WorkEntranceDate, BirthDate, PhoneNumber, ManagerId)
VALUES
  (1, 'Ahmet', 'Yılmaz', 'ahmet123', 'ahmet@gmail.com', 60000, '2017-01-15', '1990-05-20', '+90555-1355567', NULL),
  (2, 'Ayşe', 'Demir', 'ayse456', 'ayse@gmail.com', 42000, '2017-02-20', '1985-08-10', '+90555-6376543', 1),
  (3, 'Mehmet', 'Şahin', 'mehmet789', 'mehmet@gmail.com', 38000, '2023-03-25', '1988-12-03', '+90555-7858123', 1),
  (4, 'Zeynep', 'Kara', 'zeynep321', 'zeynep@gmail.com', 27000, '2016-04-10', '1995-06-15', '+90555-4573890', 2),
  (5, 'Cemal', 'Kurt', 'cemal567', 'cemal@gmail.com', 25000, '2023-05-05', '1992-09-28', '+90555-2332678', 2),
  (6, 'Selin', 'Şen', 'selin890', 'selin@gmail.com', 25000, '2016-06-12', '1993-11-12', '+90555-8774432', 2),
  (7, 'Eren', 'Aksoy', 'eren123', 'eren@gmail.com', 21000, '2017-07-18', '1991-03-08', '+90555-7654551', 2),
  (8, 'Gamze', 'Güneş', 'gamze456', 'gamze@gmail.com', 24000, '2016-08-23', '1987-07-01', '+90555-6793210', 2),
  (9, 'Umut', 'Doğan', 'umut789', 'umut@gmail.com', 22000, '2023-09-30', '1994-04-18', '+90555-5432109', 2),
  (10, 'Yasemin', 'Aydın', 'yasemin321', 'yasemin@gmail.com', 25000, '2023-10-05', '1996-02-25', '+90555-4300098', 2),
  (11, 'Kaan', 'Toprak', 'kaan567', 'kaan@gmail.com', 22000, '2017-11-11', '1989-10-14', '+90555-3212487', 2),
  (12, 'Elif', 'Kaya', 'elif890', 'elif@gmail.com', 21000, '2016-12-17', '1997-07-22', '+90555-2109636', 3),
  (13, 'Emir', 'Öztürk', 'emir123', 'emir@gmail.com', 25000, '2023-01-22', '1998-05-30', '+90555-1098475', 3),
  (14, 'Zehra', 'Türk', 'zehra456', 'zehra@gmail.com', 25000, '2023-02-28', '1999-03-04', '+90555-0984454', 3),
  (15, 'Berk', 'Çelik', 'berk789', 'berk@gmail.com', 21000, '2017-03-07', '2000-01-10', '+90555-9696543', 7),
  (16, 'Aslı', 'Çınar', 'asli123', 'asli@gmail.com', 25000, '2023-04-15', '1993-08-19', '+90555-1234574', 15),
  (17, 'Burak', 'Kurtuluş', 'burak456', 'burak@gmail.com', 20000, '2014-05-20', '1990-11-24', '+90555-9876853', 15),
  (18, 'Cansu', 'Yıldız', 'cansu789', 'cansu@gmail.com', 25000, '2023-06-25', '1991-04-30', '+90555-7890178', 18),
  (19, 'Deniz', 'Güzel', 'deniz321', 'deniz@gmail.com', 22000, '2014-07-30', '1995-12-12', '+90555-4567630', 2),
  (20, 'Ege', 'Akça', 'ege890', 'ege@gmail.com', 25000, '2014-08-05', '1992-09-15', '+90555-2345698', 7),
  (21, 'Fatma', 'Çetin', 'fatma123', 'fatma@gmail.com', 22000, '2023-09-10', '1996-03-28', '+90555-7765432', 3),
  (22, 'Gökhan', 'Yılmaz', 'gokhan456', 'gokhan@gmail.com', 25000, '2014-10-15', '1994-07-03', '+90555-7444321', 15),
  (23, 'Hilal', 'Doğru', 'hilal789', 'hilal@gmail.com', 21000, '2023-11-20', '1997-01-18', '+90555-6544710', 2),
  (24, 'Irmak', 'Bulut', 'irmak321', 'irmak@gmail.com', 24000, '2014-12-25', '1988-05-22', '+90555-5435309', 5),
  (25, 'Jale', 'Çelik', 'jale890', 'jale@gmail.com', 25000, '2014-01-01', '1987-02-02', '+90555-4321248', 5);



INSERT INTO Education (EmployeeId, Major, UniversityName, BeginYear, EndYear, Average)
VALUES
  (1, 'Bilgisayar Bilimi', 'Boğaziçi Üniversitesi', '2010-09-01', '2014-06-30', 85),
    (1, 'Uluslararası İlişkiler', 'Marmara Üniversitesi', '2018-07-05', '2022-06-30', 88),
  (2, 'İşletme Yönetimi', 'Orta Doğu Teknik Üniversitesi', '2008-09-01', '2012-06-30', 78),
  (3, 'Elektrik Mühendisliği', 'İstanbul Teknik Üniversitesi', '2009-09-01', '2013-06-30', 92),
  (4, 'Makine Mühendisliği', 'Hacettepe Üniversitesi', '2011-09-01', '2015-06-30', 87),
  (5, 'Finans', 'Koç Üniversitesi', '2010-09-01', '2014-06-30', 80),
  (6, 'Pazarlama', 'Sabancı Üniversitesi', '2008-09-01', '2012-06-30', 75),
  (7, 'Bilgisayar Mühendisliği', 'Bilkent Üniversitesi', '2009-09-01', '2013-06-30', 88),
  (8, 'İnsan Kaynakları', 'İstanbul Üniversitesi', '2011-09-01', '2015-06-30', 82),
  (9, 'Psikoloji', 'Ankara Üniversitesi', '2010-09-01', '2014-06-30', 79),
    (9, 'Fizyoloji', 'Ankara Üniversitesi', '2014-09-01', '2018-06-30', 57),
  (10, 'Uluslararası İlişkiler', 'Boğaziçi Üniversitesi', '2008-09-01', '2012-06-30', 86),
  (11, 'Kimya', 'ODTÜ', '2009-09-01', '2013-06-30', 90),
  (12, 'İnşaat Mühendisliği', 'Hacettepe Üniversitesi', '2011-09-01', '2015-06-30', 83),
  (13, 'Fizik', 'İstanbul Teknik Üniversitesi', '2010-09-01', '2014-06-30', 77),
  (14, 'Matematik', 'Boğaziçi Üniversitesi', '2008-09-01', '2012-06-30', 89),
  (15, 'Sanat Tarihi', 'Sabancı Üniversitesi', '2009-09-01', '2013-06-30', 91),
  (16, 'Sosyoloji', 'Bilkent Üniversitesi', '2011-09-01', '2015-06-30', 84),
  (17, 'Çevre Bilimi', 'İstanbul Üniversitesi', '2010-09-01', '2014-06-30', 76),
  (18, 'İletişim Bilimleri', 'Koç Üniversitesi', '2008-09-01', '2012-06-30', 94),
  (19, 'Ekonomi', 'Ankara Üniversitesi', '2009-09-01', '2013-06-30', 81),
  (20, 'Kamu Yönetimi', 'Boğaziçi Üniversitesi', '2011-09-01', '2015-06-30', 93),
  (21, 'Siyaset Bilimi', 'ODTÜ', '2010-09-01', '2014-06-30', 87),
  (22, 'Tarih', 'Hacettepe Üniversitesi', '2008-09-01', '2012-06-30', 88),
  (23, 'Coğrafya', 'İstanbul Üniversitesi', '2009-09-01', '2013-06-30', 79),
  (24, 'Felsefe', 'Sabancı Üniversitesi', '2011-09-01', '2015-06-30', 85),
  (25, 'Edebiyat', 'ODTÜ', '2010-09-01', '2014-06-30', 90),
  (25, 'Matematik Mühendisliği', 'Hacettepe Üniversitesi', '2011-09-01', '2015-06-30', 90);


INSERT INTO Customer (CustomerId, Name, Surname, PhoneNumber)
VALUES
  (1, 'Zara', 'Karadeniz', '+90543-1288567'),
  (2, 'Ali', 'Çınar', '+90545-2345638'),
  (3, 'Leyla', 'Akça', '+90545-3456419'),
  (4, 'Cihan', 'Taşkın', '+90543-4564290'),
  (5, 'Melis', 'Karakaya', '+90555-5148901'),
  (6, 'Can', 'Şahin', '+90545-6789023'),
  (7, 'Aylin', 'Güneş', '+90545-7845123'),
  (8, 'Burak', 'Toprak', '+90543-8954234'),
  (9, 'Ece', 'Sarı', '+90555-9012345'),
  (10, 'Umut', 'Bulut', '+90543-0124456'),
  (11, 'Zeynep', 'Gür', '+90545-1234667'),
  (12, 'Mert', 'Yıldırım', '+90555-2175678'),
  (13, 'Elif', 'Alp', '+90555-3456359'),
  (14, 'Cem', 'Ünlü', '+90545-4564190'),
  (15, 'Deniz', 'Erdem', '+90555-5458901'),
  (16, 'Ayşe', 'Şen', '+90545-6783312'),
  (17, 'Kaan', 'Oktay', '+90555-7892223'),
  (18, 'Aslı', 'Demir', '+90545-8901234'),
  (19, 'Emir', 'Kaya', '+90555-9012245'),
  (20, 'Gizem', 'Ergin', '+90545-0123445'),
  (21, 'Cemre', 'Çelik', '+90545-1235467'),
  (22, 'Efe', 'Süleyman', '+90543-2345878'),
  (23, 'Büşra', 'Yılmaz', '+90545-3456339'),
  (24, 'Tolga', 'Kurt', '+90545-4565790'),
  (25, 'Simay', 'Akyıldız', '+90543-5642901');

INSERT INTO EmployeeAdress(EmployeeId, Country, City, Street, HouseNumber, ZipCode)
VALUES
  (1, 'Türkiye', 'İstanbul', 'Abdi İpekçi Caddesi', '12', '34357'),
  (2, 'Türkiye', 'Ankara', 'Tunali Hilmi Caddesi', '34', '6550'),
  (3, 'Türkiye', 'İzmir', 'Cumhuriyet Bulvarı', '45', '35210'),
  (4, 'Türkiye', 'Bursa', 'Atatürk Caddesi', '101', '16000'),
  (5, 'Türkiye', 'Antalya', 'Konyaaltı Bulvarı', '202', '7000'),
  (6, 'Türkiye', 'Adana', 'Reşatbey Mahallesi', '303', '1100'),
  (7, 'Türkiye', 'Trabzon', 'Meydan Parkı', '404', '61080'),
  (8, 'Türkiye', 'Konya', 'Alaaddin Caddesi', '505', '42040'),
  (9, 'Türkiye', 'Diyarbakır', 'İstasyon Caddesi', '606', '21100'),
  (10, 'Türkiye', 'Eskişehir', 'Kurtuluş Bulvarı', '707', '26130'),
  (11, 'Türkiye', 'Gaziantep', 'Şehitkamil Caddesi', '808', '27100'),
  (12, 'Türkiye', 'Mersin', 'Akdeniz Bulvarı', '909', '33140'),
  (13, 'Türkiye', 'Samsun', 'Bandırma Caddesi', '111', '55030'),
  (14, 'Türkiye', 'Balıkesir', 'Cumhuriyet Meydanı', '222', '10100'),
  (15, 'Türkiye', 'Aydın', 'Efeler Caddesi', '333', '9850'),
  (16, 'Türkiye', 'Kocaeli', 'İzmit Bulvarı', '444', '41100'),
  (17, 'Türkiye', 'Denizli', 'Pamukkale Caddesi', '555', '20100'),
  (18, 'Türkiye', 'Tekirdağ', 'Namık Kemal Bulvarı', '666', '59100'),
  (19, 'Türkiye', 'Erzurum', 'Atatürk Meydanı', '777', '25100'),
  (20, 'Türkiye', 'Sivas', 'Cumhuriyet Bulvarı', '888', '58100'),
  (21, 'Türkiye', 'Afyonkarahisar', 'Hüdai Kaplıcaları Caddesi', '999', '3200'),
  (22, 'Türkiye', 'Malatya', 'İnönü Caddesi', '1010', '44140'),
  (23, 'Türkiye', 'Kahramanmaraş', 'Maraş Caddesi', '1111', '46100'),
  (24, 'Türkiye', 'Eskişehir', 'Odunpazarı Caddesi', '1212', '26030'),
  (25, 'Türkiye', 'Van', 'Edremit Caddesi', '1313', '65100'),
  (5, 'Türkiye', 'Isparta', 'Gazi Caddesi', '1414', '32200'),
  (7, 'Türkiye', 'Muğla', 'Neyzen Tevfik Caddesi', '1616', '48400'),
  (12, 'Türkiye', 'Kırıkkale', 'Fatih Bulvarı', '1717', '71100'),
  (25, 'Türkiye', 'Aksaray', 'Cumhuriyet Caddesi', '1818', '68100'),
  (2, 'Türkiye', 'Kırşehir', 'Öğretmenler Caddesi', '1919', '40100'),
  (9, 'Türkiye', 'Bilecik', 'Atatürk Bulvarı', '2020', '11100'),
  (11, 'Türkiye', 'Yalova', 'Bağdat Caddesi', '2121', '77100'),
  (4, 'Türkiye', 'Artvin', 'Çarşı Caddesi', '2222', '53600'),
  (18, 'Türkiye', 'Sinop', 'İnönü Caddesi', '2323', '57000'),
  (17, 'Türkiye', 'Kütahya', 'İstasyon Meydanı', '2424', '43000'),
  (16, 'Türkiye', 'Zonguldak', 'Atatürk Bulvarı', '2525', '67100');




INSERT INTO CustomerAdress (CustomerId, Country, City, Street, HouseNumber, ZipCode)
VALUES
  (1, 'Türkiye', 'İstanbul', 'Istiklal Caddesi', '1', '34430'),
  (2, 'Türkiye', 'Ankara', 'Kocatepe Sokak', '2', '6550'),
  (3, 'Türkiye', 'İzmir', 'Kordon Boyu', '3', '35210'),
  (4, 'Türkiye', 'Bursa', 'Uludağ Caddesi', '4', '16000'),
  (5, 'Türkiye', 'Antalya', 'Lara Bulvarı', '5', '7000'),
  (6, 'Türkiye', 'Adana', 'Atatürk Caddesi', '6', '1100'),
  (7, 'Türkiye', 'Trabzon', 'Meydan Parkı', '7', '61080'),
  (8, 'Türkiye', 'Konya', 'Alaaddin Caddesi', '8', '42040'),
  (9, 'Türkiye', 'Diyarbakır', 'Gazi Caddesi', '9', '21100'),
  (10, 'Türkiye', 'Eskişehir', 'Kurtuluş Bulvarı', '10', '26130'),
  (11, 'Türkiye', 'Gaziantep', 'Şehitkamil Caddesi', '11', '27100'),
  (12, 'Türkiye', 'Mersin', 'Akdeniz Bulvarı', '12', '33140'),
  (13, 'Türkiye', 'Samsun', 'Bandırma Caddesi', '13', '55030'),
  (14, 'Türkiye', 'Balıkesir', 'Cumhuriyet Meydanı', '14', '10100'),
  (15, 'Türkiye', 'Aydın', 'Efeler Caddesi', '15', '9850'),
  (16, 'Türkiye', 'Kocaeli', 'İzmit Bulvarı', '16', '41100'),
  (17, 'Türkiye', 'Denizli', 'Pamukkale Caddesi', '17', '20100'),
  (18, 'Türkiye', 'Tekirdağ', 'Namık Kemal Bulvarı', '18', '59100'),
  (19, 'Türkiye', 'Erzurum', 'Atatürk Meydanı', '19', '25100'),
  (20, 'Türkiye', 'Sivas', 'Cumhuriyet Bulvarı', '20', '58100'),
  (21, 'Türkiye', 'Afyonkarahisar', 'Hüdai Kaplıcaları Caddesi', '21', '3200'),
  (22, 'Türkiye', 'Malatya', 'İnönü Caddesi', '22', '44140'),
  (23, 'Türkiye', 'Kahramanmaraş', 'Maraş Caddesi', '23', '46100'),
  (24, 'Türkiye', 'Eskişehir', 'Odunpazarı Caddesi', '24', '26030'),
  (25, 'Türkiye', 'Van', 'Edremit Caddesi', '25', '65100'),
  (12, 'Türkiye', 'Isparta', 'Gazi Caddesi', '26', '32200'),
  (13, 'Türkiye', 'Çanakkale', 'Cevat Paşa Caddesi', '27', '17100'),
  (5, 'Türkiye', 'Muğla', 'Neyzen Tevik Caddesi', '28', '48400'),
  (8, 'Türkiye', 'Kırıkkale', 'Fatih Bulvarı', '29', '71100'),
  (7, 'Türkiye', 'Aksaray', 'Cumhuriyet Caddesi', '30', '68100');

INSERT INTO Receipt (ReceiptId, CustomerId, EmployeeId, Date)
VALUES
  (1, 13, 8, '2023-01-15'),
  (2, 2, 8, '2023-02-20'),
  (3, 13, 3, '2023-03-25'),
  (4, 1, 13, '2023-04-10'),
  (5, 20, 5, '2023-05-05'),
  (6, 6, 8, '2023-06-12'),
  (7, 1, 7, '2023-07-18'),
  (8, 8, 13, '2023-08-23'),
  (9, 2, 20, '2023-09-30'),
  (10, 10, 13, '2023-10-05'),
  (11, 1, 11, '2023-11-11'),
  (12, 12, 13, '2023-12-17'),
  (13, 13, 8, '2023-01-22'),
  (14, 14, 8, '2023-02-28'),
  (15, 1, 15, '2023-03-07'),
  (16, 18, 14, '2023-04-15'),
  (17, 23, 9, '2023-05-20'),
  (18, 1, 18, '2023-06-25'),
  (19, 1, 8, '2023-07-30'),
  (20, 20, 13, '2023-08-05'),
  (21, 15, 17, '2023-09-10'),
  (22, 1, 22, '2023-10-15'),
  (23, 1, 12, '2023-11-20'),
  (24, 24, 8, '2023-12-25'),
  (25, 1, 25, '2022-01-01'),
  (26, 2, 21, '2022-02-05'),
  (27, 23, 8, '2022-03-10'),
  (28, 16, 21, '2022-04-15'),
  (29, 14, 25, '2022-05-20'),
  (30, 6, 8, '2022-06-25');

INSERT INTO Product (ProductId, Name, Definition, Price)
VALUES
  (1, 'Spiralli Defter - A4', '80 yaprak, çizgili spiralli defter', 15),
  (2, 'Gel Kalem - Siyah', 'Ergonomik tasarıma sahip siyah renkli jel kalem', 7),
  (3, 'Silgi - Yumuşak Uçlu', 'Yumuşak uçlu silgi, iz bırakmadan siler', 2),
  (4, 'Raptiye Kutusu - 100 Adet', '100 adet metal raptiye içeren kutu', 5),
  (5, 'Makas - Paslanmaz Çelik', 'Paslanmaz çelik makas, dayanıklı ve keskin', 12),
  (6, 'Dosya Seti - Renkli', '5 renkli dosya seti, belgeleri düzenlemek için', 20),
  (7, 'Kurşun Kalem Seti - 12li', '12 adet renkli kurşun kalem seti', 8),
  (8, 'Beyaz Tahta Kalemi - Sıvı Mürekkep', 'Sıvı mürekkepli beyaz tahta kalem', 4),
  (9, 'Yapışkan Notlar - 3x3', 'Renkli ve yapışkan not kağıtları seti', 6),
  (10, 'Defter Kapağı - Desenli', 'Desenli karton kapaklı defter', 18),
  (11, 'Kırtasiye Makası - Çocuklar İçin', 'Çocuklar için renkli tasarıma sahip makas', 5),
  (12, 'Kalemtıraş - Çift Delikli', 'Çift delikli metal kalemtıraş', 3),
  (13, 'Kurşun Kalem Ucu - Yedek', 'Yedek kurşun kalem ucu seti', 1),
  (14, 'Renkli Dosya - A4', 'A4 boyutlu renkli dosya, belgeleri korur', 10),
  (15, 'Not Defteri - Cep Boy', 'Cep boyutunda taşınabilir not defteri', 9),
  (16, 'Pilot Kalem - Şeffaf Gövde', 'Şeffaf gövdeli pilot kalem', 15),
  (17, 'Kırtasiye Koleksiyon Seti', 'Farklı kırtasiye ürünlerini içeren koleksiyon seti', 25),
  (18, 'Büyük Boy Çanta - Sırt Çantası', 'Büyük boy sırt çantası, dayanıklı malzemeden', 40),
  (19, 'Ofis Klipsi - Metal', 'Metal ofis klipsi, belgeleri düzenlemek için', 3),
  (20, 'Okul Çantası - Ergonomik', 'Ergonomik tasarıma sahip okul çantası', 35),
  (21, 'Kurulu Defter - Ajanda', 'Günlük kullanım için kurulu defter ajanda', 22),
  (22, 'Keçeli Kalem Seti - 24 Renk', '24 farklı renkte keçeli kalem seti', 15),
  (23, 'Plastik Dosya - Renkli', 'Renkli plastik dosya seti', 8),
  (24, 'Cetvel - 30 cm', '30 cm uzunluğunda dayanıklı plastik cetvel', 4),
  (25, 'Kırtasiye Makası - Profesyonel', 'Profesyonel kullanım için tasarlanmış makas', 18),
  (26, 'Etiket Makinesi - Manuel', 'Manuel etiketleme için etiket makinesi', 25),
  (27, 'Tükenmez Kalem - Renkli', 'Renkli tükenmez kalem seti', 6),
  (28, 'Ofis Organizer Seti', 'Ofis masası düzenlemek için organizer seti', 30),
  (29, 'Kalem Kutusu - Ahşap', 'Ahşap malzemeden yapılmış kalem kutusu', 12),
  (30, 'Bant Kesici - Masa Üstü', 'Masa üstü bant kesici, kolay kullanım', 8);



INSERT INTO Item (ItemId, ProductId, ReceiptId, DateBought, DateSold, SellingPrice, ArrivalPrice, IsSold)
VALUES
  (1, 21, 30, '2023-01-10', '2023-02-01', 18, 15, 1),
  (2, 29, 27, '2023-02-15', '2023-03-10', 8, 7, 1),
  (3, 30, 3, '2023-03-25', '2023-04-15', 3, 5, 1),
  (4, 2, 25, '2023-04-05', '2023-05-01', 12, 10, 1),
  (5, 16, 4, '2023-05-20', '2023-06-12', 25, 22, 1),
  (6, 20, 3, '2023-06-30', '2023-07-18', 30, 28, 1),
  (7, 10, 23, '2023-07-15', '2023-08-05', 15, 18, 1),
  (8, 2, 24, '2023-08-20', '2023-09-02', 40, 38, 1),
  (9, 21, 7, '2023-09-05', '2023-10-01', 6, 4, 1),
  (10, 2, 22, '2023-10-10', '2023-11-01', 20, 16, 1),
  (11, 16, 11, '2023-11-15', '2023-12-01', 22, 18, 1),
  (12, 10, 7, '2023-12-20', '2023-01-05', 10, 8, 1),
  (13, 16, 14, '2023-01-25', '2023-02-10', 4, 3, 1),
  (14, 10, 14, '2023-02-10', '2023-03-01', 9, 7, 1),
  (15, 2, 1, '2023-03-15', '2023-04-01', 18, 15, 1),
  (16, 23, 17, '2023-04-20', '2023-05-05', 5, 4, 1),
  (17, 4, 17, '2023-05-25', '2023-06-10', 28, 25, 1),
  (18, 23, 12, '2023-06-30', '2023-07-15', 32, 30, 1),
  (19, 8, 19, '2023-07-05', '2023-08-01', 14, 12, 1),
  (20, 17, 1, '2023-08-10', '2023-09-01', 35, 32, 1),
  (21, 8, 8, '2023-09-15', '2023-10-01', 25, 22, 1),
  (22, 13, 12, '2023-10-20', '2023-11-05', 20, 18, 1),
  (23, 21, 8, '2023-11-25', '2023-12-10', 10, 9, 1),
  (24, 17, 24, '2023-12-30', '2022-01-15', 15, 12, 1),
  (25, 21, 7, '2022-01-05', '2022-02-01', 28, 25, 1),
  (26, 16, 4, '2022-02-10', '2022-03-01', 32, 30, 1),
  (27, 6, 6, '2022-03-15', '2022-04-01', 14, 12, 1),
  (28, 17, 7, '2022-04-20', '2022-05-05', 35, 32, 1),
  (29, 7, 11, '2022-05-25', '2022-06-10', 25, 22, 1),
  (30, 17, 10, '2022-06-30', '2022-07-15', 20, 18, 1),
  (31, 1, NULL, '2022-07-05', NULL, NULL, 18, 0),
  (32, 16, NULL, '2022-08-10', NULL, NULL, 22, 0),
  (33, 17, NULL, '2022-09-15', NULL, NULL, 12, 0),
  (34, 4, NULL, '2022-10-20', NULL, NULL, 12, 0),
  (35, 5, NULL, '2022-11-25', NULL, NULL, 18, 0),
  (36, 6, NULL, '2026-01-01', NULL, NULL, 32, 0),
  (37, 17, NULL, '2026-02-05', NULL, NULL, 17, 0),
  (38, 8, NULL, '2026-03-10', NULL, NULL, 4, 0),
  (39, 9, NULL, '2026-04-15', NULL, NULL, 32, 0),
  (40, 17, NULL, '2026-05-20', NULL, NULL, 9, 0),
  (41, 11, NULL, '2026-06-25', NULL, NULL, 17, 0),
  (42, 16, NULL, '2026-07-30', NULL, NULL, 12, 0);


INSERT INTO Category (ProductId, Category)
VALUES
  (1, 'Defter'),
  (2, 'Kalem'),
  (3, 'Silgi'),
  (4, 'Ofis Malzemesi'),
  (5, 'Makas'),
  (6, 'Dosya ve Organizer'),
  (7, 'Kalem'),
  (8, 'Kalem'),
  (9, 'Ofis Malzemesi'),
  (10, 'Defter'),
  (11, 'Makas'),
  (12, 'Kalem Aksesuar'),
  (13, 'Kalem Aksesuar'),
  (14, 'Dosya ve Organizer'),
  (15, 'Defter'),
  (16, 'Kalem'),
  (17, 'Makas'),
  (18, 'Çanta'),
  (19, 'Ofis Malzemesi'),
  (20, 'Çanta'),
  (21, 'Defter'),
  (22, 'Kalem'),
  (23, 'Dosya ve Organizer'),
  (24, 'Cetvel'),
  (25, 'Makas'),
  (26, 'Etiketleme'),
  (27, 'Kalem'),
  (28, 'Dosya ve Organizer'),
  (29, 'Kalem Kutusu'),
  (30, 'Ofis Malzemesi');


INSERT INTO PrintOrder (PrintOrderId, ReceiptId)
VALUES
    (1,5),
    (2,5),
    (3,5),
    (4,8),
    (5,9),
    (6,10),
    (7,11),
    (8,12),
    (9,13),
    (10,14),
    (11,14),
    (12,16),
    (13,17),
    (14,18),
    (15,19),
    (16,20),
    (17,21),
    (18,22),
    (19,22),
    (20,22),
    (21,25),
    (22,26),
    (23,27),
    (24,27),
    (25,27);

INSERT INTO Document (FileContent, Quantity, PrintOrderId)
VALUES
  ('Kimlik_Kartı.pdf', 10, 1),
  ('Öğrenci_Belgesi.docx', 1, 2),
  ('Fatura.pdf', 1, 4),
  ('Sözleşme_Formu.pdf', 1, 4),
  ('Pasaport.xlsx', 15, 5),
  ('Doğum_Sertifikası.docx', 6, 6),
  ('Diploma.txt', 1, 7),
  ('Tapu_Belgesi.pdf', 14, 8),
  ('Satış_Faturası.xlsx', 1, 8),
  ('CV.docx', 1, 10),
  ('İzin_Formu.txt', 1, 8),
  ('Teknik_Specifications.pdf', 7, 12),
  ('Eğitim_Sertifikası.docx', 1, 18),
  ('Banka_Dekontu.txt', 1, 14),
  ('Çeyreklik_Rapor.xlsx', 1, 15),
  ('Proje_Planı.docx', 8, 16),
  ('Kira_Sözleşmesi.pdf', 1, 17),
  ('Öğrenci_Bilgi_Formu.xlsx', 1, 18),
  ('Muhasebe_Dökümanları.txt', 9, 19),
  ('Şirket_Sözleşmesi.pdf', 1, 20),
  ('Ürün_Katalogu.docx', 1, 21),
  ('Müşteri_Listesi.txt', 4, 25),
  ('Proje_Teklifi.xlsx', 1, 23),
  ('İş_Sözleşmesi.pdf', 1, 25),
  ('Personel_Listesi.docx', 3, 25);

